{
  "best_acc": 0.84625,
  "macro_f1": 0.8456178637125249
}